[{
  "_id": {
    "$oid": "5f8737f869782022d09c9a1b"
  },
  "cliente_id": 1,
  "IMEI": "65783",
  "ut_inicio": 1599559738,
  "ut_fin": 1601279663
},{
  "_id": {
    "$oid": "5f87381469782022d09c9a1c"
  },
  "cliente_id": 1,
  "IMEI": "51821",
  "ut_inicio": 1599559738,
  "ut_fin": 1601279663
},{
  "_id": {
    "$oid": "5f87381c69782022d09c9a1d"
  },
  "cliente_id": 1,
  "IMEI": "51488",
  "ut_inicio": 1599559738,
  "ut_fin": 1601279663
},{
  "_id": {
    "$oid": "5f87382369782022d09c9a1e"
  },
  "cliente_id": 2,
  "IMEI": "65783",
  "ut_inicio": 1601279663,
  "ut_fin": 1602697116
}]